6404daa959f15,cositas,2023-03-05,13
6404dac6f25f0,sadfasdf,2023-03-05,123123
6404db02c737c,sdfgsdfg,2023-03-05,234423
6404db061c273,qwerqwer,2023-03-05,123123
640784dae1965,sadfasdf,2023-03-07,234324
6407984ce6547,dsfg,2023-03-07,234
64079850695aa,sdfg,2023-03-07,234
64079881392b5,asdfasdf,2023-03-07,123123
64079bf7a80a8,asdf,2023-03-07,123
64079bfa9d137,asdf,2023-03-07,234
640f6b9318fe0,asfdas,2023-03-13,234
640f815f18682,aaa,2023-03-13,111
640f81d01709a,qqq,2023-03-13,111
640f830f3ff0c,eee,2023-03-13,222
640f89831cc80,fff,2023-03-13,222
640f8997e0c39,ghh,2023-03-13,333
640f8bf1b571b,asd,2023-03-13,12
